Feature,Coefficient
sentiment_score,97.30479712593214
contains_adopt_keywords,85.4105810930429
num_exclamations,42.85856602347115
title_length,2.1068950330506655
num_words,0.9699475545297478
num_verbs,-0.09678833790994879
num_lines,-0.3618944489297682
num_adjectives,-8.075861533350283
num_emojis,-16.434260693741017
contains_money,-247.32437405240228
has_urgency_words,-309.4144364484405
has_question,-323.27711185450573
has_pronouns,-804.0309282772724
